{
  "group": "mid",
  "level_index": 2,
  "altitude": 470.0,
  "u_min": 17.28117561340332,
  "u_max": 17.748323440551758,
  "v_min": 8.06540584564209,
  "v_max": 8.772257804870605,
  "w_min": -1.7977381503442302e-05,
  "w_max": 1.1535683370311745e-05,
  "alt_min": 370.0,
  "alt_max": 470.0,
  "min_lat": 33.01599884033203,
  "max_lat": 33.03678894042969,
  "min_lon": -97.28399658203125,
  "max_lon": -97.2613525390625,
  "num_lat": 47,
  "num_lon": 43,
  "debug_scale": 1,
  "min_x_from_origin": -1074.5179443359375,
  "max_x_from_origin": 1041.62646484375,
  "min_y_from_origin": -1164.500732421875,
  "max_y_from_origin": 1141.0877685546875,
  "lat_origin": null,
  "lon_origin": null
}