{
  "level": 47,
  "u_min": -7.757768630981445,
  "u_max": -4.507768630981445,
  "v_min": 3.5233592987060547,
  "v_max": 5.773359298706055,
  "w_min": -0.05553894429215588,
  "w_max": 0.24156835235983282,
  "gh_min": 23092.033203125,
  "gh_max": 23110.501953125,
  "min_lat": 32.75857870108183,
  "max_lat": 33.216796134747426,
  "min_lon": -97.63402401755566,
  "max_lon": -96.89813983683403,
  "num_lat": 18,
  "num_lon": 24
}