{
  "level": 45,
  "u_min": -4.075430870056152,
  "u_max": 0.6120691299438477,
  "v_min": 2.1044673919677734,
  "v_max": 4.979467391967773,
  "w_min": -0.09988434608037904,
  "w_max": 0.28447127465028776,
  "gh_min": 21127.7421875,
  "gh_max": 21139.0546875,
  "min_lat": 32.75857870108183,
  "max_lat": 33.216796134747426,
  "min_lon": -97.63402401755566,
  "max_lon": -96.89813983683403,
  "num_lat": 18,
  "num_lon": 24
}