{
  "level": 18,
  "u_min": 31.72602081298828,
  "u_max": 36.97602081298828,
  "v_min": 25.607986450195312,
  "v_max": 35.73298645019531,
  "w_min": -0.22358461826177592,
  "w_max": 0.337029373353329,
  "gh_min": 5180.419921875,
  "gh_max": 5257.076171875,
  "min_lat": 32.75857870108183,
  "max_lat": 33.216796134747426,
  "min_lon": -97.63402401755566,
  "max_lon": -96.89813983683403,
  "num_lat": 18,
  "num_lon": 24
}