{
  "level": 17,
  "u_min": -3.0317764282226562,
  "u_max": 22.905723571777344,
  "v_min": 16.785747528076172,
  "v_max": 41.84824752807617,
  "w_min": -3.290969232587855,
  "w_max": 9.60230128155698,
  "gh_min": 4726.802734375,
  "gh_max": 4820.802734375,
  "min_lat": 32.75857870108183,
  "max_lat": 33.216796134747426,
  "min_lon": -97.63402401755566,
  "max_lon": -96.89813983683403,
  "num_lat": 18,
  "num_lon": 24
}