{
  "level": 22,
  "u_min": 6.144569396972656,
  "u_max": 29.769569396972656,
  "v_min": 7.582744598388672,
  "v_max": 35.77024459838867,
  "w_min": -4.356477087590283,
  "w_max": 13.154172225482645,
  "gh_min": 7768.8466796875,
  "gh_max": 7826.0966796875,
  "min_lat": 32.75857870108183,
  "max_lat": 33.216796134747426,
  "min_lon": -97.63402401755566,
  "max_lon": -96.89813983683403,
  "num_lat": 18,
  "num_lon": 24
}