{
  "level": 24,
  "u_min": 6.016887664794922,
  "u_max": 29.954387664794922,
  "v_min": 4.1016387939453125,
  "v_max": 34.28913879394531,
  "w_min": -4.697894136696335,
  "w_max": 13.618776130251037,
  "gh_min": 8823.845703125,
  "gh_max": 8879.095703125,
  "min_lat": 32.75857870108183,
  "max_lat": 33.216796134747426,
  "min_lon": -97.63402401755566,
  "max_lon": -96.89813983683403,
  "num_lat": 18,
  "num_lon": 24
}