{
  "level": 40,
  "u_min": 9.823188781738281,
  "u_max": 14.698188781738281,
  "v_min": 5.410242080688477,
  "v_max": 9.597742080688477,
  "w_min": -0.17156730529498646,
  "w_max": 0.34122960454880247,
  "gh_min": 17192.7578125,
  "gh_max": 17203.8203125,
  "min_lat": 32.75857870108183,
  "max_lat": 33.216796134747426,
  "min_lon": -97.63402401755566,
  "max_lon": -96.89813983683403,
  "num_lat": 18,
  "num_lon": 24
}