{
  "level": 28,
  "u_min": 4.865966796875,
  "u_max": 28.553466796875,
  "v_min": 2.939739227294922,
  "v_max": 25.627239227294922,
  "w_min": -4.393060921292526,
  "w_max": 12.756888214262705,
  "gh_min": 10648.421875,
  "gh_max": 10715.890625,
  "min_lat": 32.75857870108183,
  "max_lat": 33.216796134747426,
  "min_lon": -97.63402401755566,
  "max_lon": -96.89813983683403,
  "num_lat": 18,
  "num_lon": 24
}