{
  "level": 50,
  "u_min": -6.128467559814453,
  "u_max": -1.6284675598144531,
  "v_min": -2.233574867248535,
  "v_max": 0.7039251327514648,
  "w_min": -0.06755644276249163,
  "w_max": 0.04873362306470837,
  "gh_min": 27145.00390625,
  "gh_max": 27171.12890625,
  "min_lat": 32.75857870108183,
  "max_lat": 33.216796134747426,
  "min_lon": -97.63402401755566,
  "max_lon": -96.89813983683403,
  "num_lat": 18,
  "num_lon": 24
}