{
  "level": 42,
  "u_min": -0.3595695495605469,
  "u_max": 8.827930450439453,
  "v_min": 1.1867656707763672,
  "v_max": 5.811765670776367,
  "w_min": -0.1592745041662277,
  "w_max": 0.20446751658218434,
  "gh_min": 18712.70703125,
  "gh_max": 18729.58203125,
  "min_lat": 32.75857870108183,
  "max_lat": 33.216796134747426,
  "min_lon": -97.63402401755566,
  "max_lon": -96.89813983683403,
  "num_lat": 18,
  "num_lon": 24
}