{
  "level": 18,
  "u_min": -1.4803352355957031,
  "u_max": 25.082164764404297,
  "v_min": 16.491012573242188,
  "v_max": 40.36601257324219,
  "w_min": -3.996075783281947,
  "w_max": 10.81250224208385,
  "gh_min": 5373.67919921875,
  "gh_max": 5457.71044921875,
  "min_lat": 32.75857870108183,
  "max_lat": 33.216796134747426,
  "min_lon": -97.63402401755566,
  "max_lon": -96.89813983683403,
  "num_lat": 18,
  "num_lon": 24
}