{
  "level": 36,
  "u_min": 35.102149963378906,
  "u_max": 37.602149963378906,
  "v_min": 12.945198059082031,
  "v_max": 15.445198059082031,
  "w_min": -0.3260427835118948,
  "w_max": 0.2790292931043618,
  "gh_min": 14153.466796875,
  "gh_max": 14182.123046875,
  "min_lat": 32.75857870108183,
  "max_lat": 33.216796134747426,
  "min_lon": -97.63402401755566,
  "max_lon": -96.89813983683403,
  "num_lat": 18,
  "num_lon": 24
}