{
  "level": 15,
  "u_min": 22.281803131103516,
  "u_max": 26.281803131103516,
  "v_min": 17.490081787109375,
  "v_max": 30.802581787109375,
  "w_min": -0.23727657517753828,
  "w_max": 0.3553895189705761,
  "gh_min": 3412.82763671875,
  "gh_max": 3533.04638671875,
  "min_lat": 32.75857870108183,
  "max_lat": 33.216796134747426,
  "min_lon": -97.63402401755566,
  "max_lon": -96.89813983683403,
  "num_lat": 18,
  "num_lon": 24
}