{
  "level": 44,
  "u_min": -6.821993827819824,
  "u_max": 0.3655061721801758,
  "v_min": -1.1999177932739258,
  "v_max": 4.800082206726074,
  "w_min": -1.0947916903216426,
  "w_max": 0.5487490102441175,
  "gh_min": 20432.123046875,
  "gh_max": 20501.841796875,
  "min_lat": 32.75857870108183,
  "max_lat": 33.216796134747426,
  "min_lon": -97.63402401755566,
  "max_lon": -96.89813983683403,
  "num_lat": 18,
  "num_lon": 24
}