{
  "level": 22,
  "u_min": 49.64633560180664,
  "u_max": 54.45883560180664,
  "v_min": 37.16114807128906,
  "v_max": 43.03614807128906,
  "w_min": -0.29986238933374687,
  "w_max": 0.2666077967937725,
  "gh_min": 7500.01171875,
  "gh_max": 7546.19921875,
  "min_lat": 32.75857870108183,
  "max_lat": 33.216796134747426,
  "min_lon": -97.63402401755566,
  "max_lon": -96.89813983683403,
  "num_lat": 18,
  "num_lon": 24
}