{
  "level": 39,
  "u_min": 12.10586166381836,
  "u_max": 16.73086166381836,
  "v_min": 10.386558532714844,
  "v_max": 15.136558532714844,
  "w_min": -0.22263638438651,
  "w_max": 0.3676623543798833,
  "gh_min": 16361.580078125,
  "gh_max": 16370.830078125,
  "min_lat": 32.75857870108183,
  "max_lat": 33.216796134747426,
  "min_lon": -97.63402401755566,
  "max_lon": -96.89813983683403,
  "num_lat": 18,
  "num_lon": 24
}