{
  "level": 48,
  "u_min": -4.995049476623535,
  "u_max": 1.0674505233764648,
  "v_min": -1.9504013061523438,
  "v_max": 5.799598693847656,
  "w_min": -0.9357885962709861,
  "w_max": 0.5382096860281493,
  "gh_min": 24489.4453125,
  "gh_max": 24568.2890625,
  "min_lat": 32.75857870108183,
  "max_lat": 33.216796134747426,
  "min_lon": -97.63402401755566,
  "max_lon": -96.89813983683403,
  "num_lat": 18,
  "num_lon": 24
}