{
  "level": 38,
  "u_min": 0.5724163055419922,
  "u_max": 15.947416305541992,
  "v_min": 0.04088592529296875,
  "v_max": 15.103385925292969,
  "w_min": -1.1204455261234276,
  "w_max": 1.801315674427986,
  "gh_min": 15713.755859375,
  "gh_max": 15792.224609375,
  "min_lat": 32.75857870108183,
  "max_lat": 33.216796134747426,
  "min_lon": -97.63402401755566,
  "max_lon": -96.89813983683403,
  "num_lat": 18,
  "num_lon": 24
}