{
  "level": 14,
  "u_min": 24.392398834228516,
  "u_max": 26.829898834228516,
  "v_min": 11.549720764160156,
  "v_max": 24.612220764160156,
  "w_min": -0.2516565653234752,
  "w_max": 0.3529483449283643,
  "gh_min": 2926.13623046875,
  "gh_max": 3061.19873046875,
  "min_lat": 32.75857870108183,
  "max_lat": 33.216796134747426,
  "min_lon": -97.63402401755566,
  "max_lon": -96.89813983683403,
  "num_lat": 18,
  "num_lon": 24
}