{
  "level": 35,
  "u_min": 15.335159301757812,
  "u_max": 37.64765930175781,
  "v_min": 15.158441543579102,
  "v_max": 35.7209415435791,
  "w_min": -2.3415817806026538,
  "w_max": 2.964021650676122,
  "gh_min": 13769.912109375,
  "gh_max": 13837.693359375,
  "min_lat": 32.75857870108183,
  "max_lat": 33.216796134747426,
  "min_lon": -97.63402401755566,
  "max_lon": -96.89813983683403,
  "num_lat": 18,
  "num_lon": 24
}