{
  "level": 49,
  "u_min": -6.646299362182617,
  "u_max": -3.083799362182617,
  "v_min": 0.8122673034667969,
  "v_max": 2.249767303466797,
  "w_min": -0.014550569245828681,
  "w_max": 0.16570383553203358,
  "gh_min": 25565.349609375,
  "gh_max": 25586.318359375,
  "min_lat": 32.75857870108183,
  "max_lat": 33.216796134747426,
  "min_lon": -97.63402401755566,
  "max_lon": -96.89813983683403,
  "num_lat": 18,
  "num_lon": 24
}