{
  "level": 36,
  "u_min": 25.814030647277832,
  "u_max": 38.93903064727783,
  "v_min": 18.231739044189453,
  "v_max": 31.106739044189453,
  "w_min": -1.5047685662126646,
  "w_max": 2.5680979121430187,
  "gh_min": 14355.908203125,
  "gh_max": 14420.720703125,
  "min_lat": 32.75857870108183,
  "max_lat": 33.216796134747426,
  "min_lon": -97.63402401755566,
  "max_lon": -96.89813983683403,
  "num_lat": 18,
  "num_lon": 24
}