{
  "level": 31,
  "u_min": -5.176656723022461,
  "u_max": 31.01084327697754,
  "v_min": 4.3388519287109375,
  "v_max": 35.02635192871094,
  "w_min": -4.841436038151027,
  "w_max": 11.573513970220887,
  "gh_min": 11868.5888671875,
  "gh_max": 11943.3076171875,
  "min_lat": 32.75857870108183,
  "max_lat": 33.216796134747426,
  "min_lon": -97.63402401755566,
  "max_lon": -96.89813983683403,
  "num_lat": 18,
  "num_lon": 24
}