{
  "level": 13,
  "u_min": 24.52763557434082,
  "u_max": 27.34013557434082,
  "v_min": 11.761726379394531,
  "v_max": 21.07422637939453,
  "w_min": -0.26602172412846165,
  "w_max": 0.36544756717282756,
  "gh_min": 2494.0830078125,
  "gh_max": 2640.8955078125,
  "min_lat": 32.75857870108183,
  "max_lat": 33.216796134747426,
  "min_lon": -97.63402401755566,
  "max_lon": -96.89813983683403,
  "num_lat": 18,
  "num_lon": 24
}