{
  "level": 46,
  "u_min": -7.247328758239746,
  "u_max": -2.309828758239746,
  "v_min": -1.6385984420776367,
  "v_max": 6.298901557922363,
  "w_min": -1.2341856479946984,
  "w_max": 0.8584715232538013,
  "gh_min": 22254.3671875,
  "gh_max": 22337.0859375,
  "min_lat": 32.75857870108183,
  "max_lat": 33.216796134747426,
  "min_lon": -97.63402401755566,
  "max_lon": -96.89813983683403,
  "num_lat": 18,
  "num_lon": 24
}