{
  "level": 10,
  "u_min": 21.212493896484375,
  "u_max": 27.587493896484375,
  "v_min": 12.433788299560547,
  "v_max": 15.683788299560547,
  "w_min": -0.3742739350950627,
  "w_max": 0.41699617222872054,
  "gh_min": 1467.802001953125,
  "gh_max": 1636.145751953125,
  "min_lat": 32.75857870108183,
  "max_lat": 33.216796134747426,
  "min_lon": -97.63402401755566,
  "max_lon": -96.89813983683403,
  "num_lat": 18,
  "num_lon": 24
}