{
  "level": 4,
  "u_min": 7.6069488525390625,
  "u_max": 15.669448852539062,
  "v_min": 7.8656005859375,
  "v_max": 11.4906005859375,
  "w_min": -0.25770421338220245,
  "w_max": 0.21864716590819067,
  "gh_min": 300.19120025634766,
  "gh_max": 487.65995025634766,
  "min_lat": 32.75857870108183,
  "max_lat": 33.216796134747426,
  "min_lon": -97.63402401755566,
  "max_lon": -96.89813983683403,
  "num_lat": 18,
  "num_lon": 24
}