{
  "level": 46,
  "u_min": -5.604011535644531,
  "u_max": -1.7915115356445312,
  "v_min": 2.108541488647461,
  "v_max": 4.233541488647461,
  "w_min": -0.03505025312984042,
  "w_max": 0.2652063943806961,
  "gh_min": 22063.6015625,
  "gh_max": 22077.2578125,
  "min_lat": 32.75857870108183,
  "max_lat": 33.216796134747426,
  "min_lon": -97.63402401755566,
  "max_lon": -96.89813983683403,
  "num_lat": 18,
  "num_lon": 24
}