{
  "level": 7,
  "u_min": 15.496549606323242,
  "u_max": 22.621549606323242,
  "v_min": 9.26639175415039,
  "v_max": 13.01639175415039,
  "w_min": -0.3113199489854129,
  "w_max": 0.2898480349638519,
  "gh_min": 758.9335327148438,
  "gh_max": 939.6210327148438,
  "min_lat": 32.75857870108183,
  "max_lat": 33.216796134747426,
  "min_lon": -97.63402401755566,
  "max_lon": -96.89813983683403,
  "num_lat": 18,
  "num_lon": 24
}