{
  "level": 29,
  "u_min": 49.12820243835449,
  "u_max": 50.87820243835449,
  "v_min": 34.778839111328125,
  "v_max": 39.091339111328125,
  "w_min": -0.4240370353993279,
  "w_max": 0.15065810486377046,
  "gh_min": 10719.58984375,
  "gh_max": 10779.83984375,
  "min_lat": 32.75857870108183,
  "max_lat": 33.216796134747426,
  "min_lon": -97.63402401755566,
  "max_lon": -96.89813983683403,
  "num_lat": 18,
  "num_lon": 24
}