{
  "level": 34,
  "u_min": 9.359099388122559,
  "u_max": 38.92159938812256,
  "v_min": 7.70977783203125,
  "v_max": 36.52227783203125,
  "w_min": -3.397885949942293,
  "w_max": 6.610282461428054,
  "gh_min": 13240.28515625,
  "gh_max": 13311.00390625,
  "min_lat": 32.75857870108183,
  "max_lat": 33.216796134747426,
  "min_lon": -97.63402401755566,
  "max_lon": -96.89813983683403,
  "num_lat": 18,
  "num_lon": 24
}