{
  "level": 3,
  "u_min": 6.440160751342773,
  "u_max": 13.940160751342773,
  "v_min": 7.098117828369141,
  "v_max": 10.47311782836914,
  "w_min": -0.23836562287461432,
  "w_max": 0.1993794005400714,
  "gh_min": 218.39270496368408,
  "gh_max": 406.8614549636841,
  "min_lat": 32.75857870108183,
  "max_lat": 33.216796134747426,
  "min_lon": -97.63402401755566,
  "max_lon": -96.89813983683403,
  "num_lat": 18,
  "num_lon": 24
}