{
  "level": 5,
  "u_min": 9.616535186767578,
  "u_max": 17.241535186767578,
  "v_min": 8.45063591003418,
  "v_max": 12.32563591003418,
  "w_min": -0.2743677345517608,
  "w_max": 0.23451459899167976,
  "gh_min": 418.99388122558594,
  "gh_max": 604.9001312255859,
  "min_lat": 32.75857870108183,
  "max_lat": 33.216796134747426,
  "min_lon": -97.63402401755566,
  "max_lon": -96.89813983683403,
  "num_lat": 18,
  "num_lon": 24
}