{
  "level": 28,
  "u_min": 49.09174728393555,
  "u_max": 51.71674728393555,
  "v_min": 37.52876281738281,
  "v_max": 42.15376281738281,
  "w_min": -0.39787752455206493,
  "w_max": 0.16973183053441593,
  "gh_min": 10308.8515625,
  "gh_max": 10372.0078125,
  "min_lat": 32.75857870108183,
  "max_lat": 33.216796134747426,
  "min_lon": -97.63402401755566,
  "max_lon": -96.89813983683403,
  "num_lat": 18,
  "num_lon": 24
}