{
  "level": 33,
  "u_min": 6.609947204589844,
  "u_max": 36.984947204589844,
  "v_min": 5.006690979003906,
  "v_max": 35.319190979003906,
  "w_min": -3.601941006469933,
  "w_max": 9.362725755656413,
  "gh_min": 12755.9296875,
  "gh_max": 12827.9921875,
  "min_lat": 32.75857870108183,
  "max_lat": 33.216796134747426,
  "min_lon": -97.63402401755566,
  "max_lon": -96.89813983683403,
  "num_lat": 18,
  "num_lon": 24
}