{
  "level": 16,
  "u_min": -2.1087379455566406,
  "u_max": 20.20376205444336,
  "v_min": 13.434715270996094,
  "v_max": 39.872215270996094,
  "w_min": -3.550849936306094,
  "w_max": 7.785516635352964,
  "gh_min": 4100.1669921875,
  "gh_max": 4207.5419921875,
  "min_lat": 32.75857870108183,
  "max_lat": 33.216796134747426,
  "min_lon": -97.63402401755566,
  "max_lon": -96.89813983683403,
  "num_lat": 18,
  "num_lon": 24
}