{
  "level": 32,
  "u_min": 42.82791233062744,
  "u_max": 45.89041233062744,
  "v_min": 29.70363998413086,
  "v_max": 33.57863998413086,
  "w_min": -0.5189399717211363,
  "w_max": 0.21045581111261039,
  "gh_min": 11999.7421875,
  "gh_max": 12050.1484375,
  "min_lat": 32.75857870108183,
  "max_lat": 33.216796134747426,
  "min_lon": -97.63402401755566,
  "max_lon": -96.89813983683403,
  "num_lat": 18,
  "num_lon": 24
}