{
  "level": 41,
  "u_min": -3.514904022216797,
  "u_max": 3.422595977783203,
  "v_min": 2.6324310302734375,
  "v_max": 9.319931030273438,
  "w_min": -0.7848746922644914,
  "w_max": 0.9180069835838284,
  "gh_min": 18103.287109375,
  "gh_max": 18177.005859375,
  "min_lat": 32.75857870108183,
  "max_lat": 33.216796134747426,
  "min_lon": -97.63402401755566,
  "max_lon": -96.89813983683403,
  "num_lat": 18,
  "num_lon": 24
}