{
  "level": 27,
  "u_min": 5.6233673095703125,
  "u_max": 28.685867309570312,
  "v_min": 4.411163330078125,
  "v_max": 27.973663330078125,
  "w_min": -4.314313481401615,
  "w_max": 13.30776358125212,
  "gh_min": 10220.4287109375,
  "gh_max": 10285.3662109375,
  "min_lat": 32.75857870108183,
  "max_lat": 33.216796134747426,
  "min_lon": -97.63402401755566,
  "max_lon": -96.89813983683403,
  "num_lat": 18,
  "num_lon": 24
}