{
  "level": 48,
  "u_min": -6.8521575927734375,
  "u_max": -4.2896575927734375,
  "v_min": 3.3106346130371094,
  "v_max": 4.935634613037109,
  "w_min": -0.04769633374271655,
  "w_max": 0.24028947937016074,
  "gh_min": 24243.2421875,
  "gh_max": 24264.8359375,
  "min_lat": 32.75857870108183,
  "max_lat": 33.216796134747426,
  "min_lon": -97.63402401755566,
  "max_lon": -96.89813983683403,
  "num_lat": 18,
  "num_lon": 24
}