{
  "level": 16,
  "u_min": 22.346582412719727,
  "u_max": 26.784082412719727,
  "v_min": 20.993637084960938,
  "v_max": 36.36863708496094,
  "w_min": -0.18301880875899956,
  "w_max": 0.3536458686656094,
  "gh_min": 3959.77978515625,
  "gh_max": 4063.02978515625,
  "min_lat": 32.75857870108183,
  "max_lat": 33.216796134747426,
  "min_lon": -97.63402401755566,
  "max_lon": -96.89813983683403,
  "num_lat": 18,
  "num_lon": 24
}