{
  "level": 17,
  "u_min": 24.639591217041016,
  "u_max": 30.389591217041016,
  "v_min": 22.951629638671875,
  "v_max": 36.639129638671875,
  "w_min": -0.1907893116654372,
  "w_max": 0.35659267339900125,
  "gh_min": 4559.09619140625,
  "gh_max": 4646.59619140625,
  "min_lat": 32.75857870108183,
  "max_lat": 33.216796134747426,
  "min_lon": -97.63402401755566,
  "max_lon": -96.89813983683403,
  "num_lat": 18,
  "num_lon": 24
}