{
  "level": 32,
  "u_min": 0.9593143463134766,
  "u_max": 33.89681434631348,
  "v_min": 3.1998825073242188,
  "v_max": 36.38738250732422,
  "w_min": -3.4426093816389143,
  "w_max": 10.8530997253573,
  "gh_min": 12302.1806640625,
  "gh_max": 12374.7431640625,
  "min_lat": 32.75857870108183,
  "max_lat": 33.216796134747426,
  "min_lon": -97.63402401755566,
  "max_lon": -96.89813983683403,
  "num_lat": 18,
  "num_lon": 24
}