{
  "level": 26,
  "u_min": 47.97797203063965,
  "u_max": 51.41547203063965,
  "v_min": 39.81343078613281,
  "v_max": 45.81343078613281,
  "w_min": -0.3967797065143249,
  "w_max": 0.19839696442504323,
  "gh_min": 9450.0185546875,
  "gh_max": 9514.5185546875,
  "min_lat": 32.75857870108183,
  "max_lat": 33.216796134747426,
  "min_lon": -97.63402401755566,
  "max_lon": -96.89813983683403,
  "num_lat": 18,
  "num_lon": 24
}