{
  "level": 19,
  "u_min": -0.284271240234375,
  "u_max": 26.028228759765625,
  "v_min": 12.651161193847656,
  "v_max": 38.088661193847656,
  "w_min": -4.162700275140344,
  "w_max": 11.158679316017114,
  "gh_min": 6006.7958984375,
  "gh_max": 6082.1396484375,
  "min_lat": 32.75857870108183,
  "max_lat": 33.216796134747426,
  "min_lon": -97.63402401755566,
  "max_lon": -96.89813983683403,
  "num_lat": 18,
  "num_lon": 24
}