{
  "level": 39,
  "u_min": -1.5633211135864258,
  "u_max": 6.499178886413574,
  "v_min": -0.43062591552734375,
  "v_max": 8.944374084472656,
  "w_min": -1.0857398089931058,
  "w_max": 0.9024064741386844,
  "gh_min": 16505.845703125,
  "gh_max": 16582.939453125,
  "min_lat": 32.75857870108183,
  "max_lat": 33.216796134747426,
  "min_lon": -97.63402401755566,
  "max_lon": -96.89813983683403,
  "num_lat": 18,
  "num_lon": 24
}