{
  "level": 27,
  "u_min": 48.3053560256958,
  "u_max": 51.8053560256958,
  "v_min": 39.71222686767578,
  "v_max": 44.71222686767578,
  "w_min": -0.3866690069921817,
  "w_max": 0.1800881191631086,
  "gh_min": 9885.677734375,
  "gh_max": 9950.521484375,
  "min_lat": 32.75857870108183,
  "max_lat": 33.216796134747426,
  "min_lon": -97.63402401755566,
  "max_lon": -96.89813983683403,
  "num_lat": 18,
  "num_lon": 24
}