{
  "level": 21,
  "u_min": 47.44758987426758,
  "u_max": 53.63508987426758,
  "v_min": 33.22093200683594,
  "v_max": 39.65843200683594,
  "w_min": -0.2651180552308819,
  "w_max": 0.28861382677127373,
  "gh_min": 6954.24462890625,
  "gh_max": 7003.96337890625,
  "min_lat": 32.75857870108183,
  "max_lat": 33.216796134747426,
  "min_lon": -97.63402401755566,
  "max_lon": -96.89813983683403,
  "num_lat": 18,
  "num_lon": 24
}