{
  "level": 1,
  "u_min": 3.8701114654541016,
  "u_max": 9.682611465454102,
  "v_min": 4.314624786376953,
  "v_max": 7.502124786376953,
  "w_min": -0.16045024896807086,
  "w_max": 0.13370394061301896,
  "gh_min": 140.26105499267578,
  "gh_max": 329.5735549926758,
  "min_lat": 32.75857870108183,
  "max_lat": 33.216796134747426,
  "min_lon": -97.63402401755566,
  "max_lon": -96.89813983683403,
  "num_lat": 18,
  "num_lon": 24
}