{
  "level": 20,
  "u_min": 1.1635360717773438,
  "u_max": 29.038536071777344,
  "v_min": 9.240409851074219,
  "v_max": 35.99040985107422,
  "w_min": -3.466479969635307,
  "w_max": 11.58312073593914,
  "gh_min": 6616.91796875,
  "gh_max": 6681.23046875,
  "min_lat": 32.75857870108183,
  "max_lat": 33.216796134747426,
  "min_lon": -97.63402401755566,
  "max_lon": -96.89813983683403,
  "num_lat": 18,
  "num_lon": 24
}