{
  "level": 25,
  "u_min": 48.073116302490234,
  "u_max": 51.760616302490234,
  "v_min": 38.81737518310547,
  "v_max": 45.44237518310547,
  "w_min": -0.37957845390485045,
  "w_max": 0.21206902456987617,
  "gh_min": 8995.9951171875,
  "gh_max": 9058.4013671875,
  "min_lat": 32.75857870108183,
  "max_lat": 33.216796134747426,
  "min_lon": -97.63402401755566,
  "max_lon": -96.89813983683403,
  "num_lat": 18,
  "num_lon": 24
}