{
  "level": 37,
  "u_min": 13.489192008972168,
  "u_max": 33.17669200897217,
  "v_min": 6.884971618652344,
  "v_max": 22.384971618652344,
  "w_min": -1.5846575307602484,
  "w_max": 2.8330974723817,
  "gh_min": 14999.044921875,
  "gh_max": 15069.669921875,
  "min_lat": 32.75857870108183,
  "max_lat": 33.216796134747426,
  "min_lon": -97.63402401755566,
  "max_lon": -96.89813983683403,
  "num_lat": 18,
  "num_lon": 24
}