{
  "level": 19,
  "u_min": 38.64712715148926,
  "u_max": 44.95962715148926,
  "v_min": 29.134658813476562,
  "v_max": 34.82215881347656,
  "w_min": -0.23217456719056465,
  "w_max": 0.32203208726914323,
  "gh_min": 5793.1923828125,
  "gh_max": 5861.0361328125,
  "min_lat": 32.75857870108183,
  "max_lat": 33.216796134747426,
  "min_lon": -97.63402401755566,
  "max_lon": -96.89813983683403,
  "num_lat": 18,
  "num_lon": 24
}