{
  "level": 37,
  "u_min": 25.220011711120605,
  "u_max": 30.970011711120605,
  "v_min": 10.139701843261719,
  "v_max": 14.139701843261719,
  "w_min": -0.29682924250653286,
  "w_max": 0.27556684134462134,
  "gh_min": 14814.154296875,
  "gh_max": 14838.029296875,
  "min_lat": 32.75857870108183,
  "max_lat": 33.216796134747426,
  "min_lon": -97.63402401755566,
  "max_lon": -96.89813983683403,
  "num_lat": 18,
  "num_lon": 24
}