{
  "level": 47,
  "u_min": -6.709040641784668,
  "u_max": -1.396540641784668,
  "v_min": -2.313770294189453,
  "v_max": 4.936229705810547,
  "w_min": -1.2849927712261495,
  "w_max": 0.7062646478407484,
  "gh_min": 23308.26953125,
  "gh_max": 23386.36328125,
  "min_lat": 32.75857870108183,
  "max_lat": 33.216796134747426,
  "min_lon": -97.63402401755566,
  "max_lon": -96.89813983683403,
  "num_lat": 18,
  "num_lon": 24
}