{
  "level": 41,
  "u_min": 4.335630416870117,
  "u_max": 12.148130416870117,
  "v_min": -0.649688720703125,
  "v_max": 4.600311279296875,
  "w_min": -0.1352366982833533,
  "w_max": 0.2642549604647112,
  "gh_min": 17977.50390625,
  "gh_max": 17989.09765625,
  "min_lat": 32.75857870108183,
  "max_lat": 33.216796134747426,
  "min_lon": -97.63402401755566,
  "max_lon": -96.89813983683403,
  "num_lat": 18,
  "num_lon": 24
}