{
  "level": 26,
  "u_min": 6.825031280517578,
  "u_max": 29.200031280517578,
  "v_min": 4.6630401611328125,
  "v_max": 30.475540161132812,
  "w_min": -4.138148602281508,
  "w_max": 13.768533566518599,
  "gh_min": 9776.455078125,
  "gh_max": 9839.236328125,
  "min_lat": 32.75857870108183,
  "max_lat": 33.216796134747426,
  "min_lon": -97.63402401755566,
  "max_lon": -96.89813983683403,
  "num_lat": 18,
  "num_lon": 24
}