{
  "level": 29,
  "u_min": 4.557563781738281,
  "u_max": 27.43256378173828,
  "v_min": 1.1885910034179688,
  "v_max": 26.62609100341797,
  "w_min": -5.227084235274649,
  "w_max": 12.127204279107138,
  "gh_min": 11057.568359375,
  "gh_max": 11129.005859375,
  "min_lat": 32.75857870108183,
  "max_lat": 33.216796134747426,
  "min_lon": -97.63402401755566,
  "max_lon": -96.89813983683403,
  "num_lat": 18,
  "num_lon": 24
}