{
  "level": 2,
  "u_min": 5.53101921081543,
  "u_max": 12.28101921081543,
  "v_min": 6.210975646972656,
  "v_max": 9.398475646972656,
  "w_min": -0.21314599632379122,
  "w_max": 0.17365033014839035,
  "gh_min": 168.7248306274414,
  "gh_max": 357.7248306274414,
  "min_lat": 32.75857870108183,
  "max_lat": 33.216796134747426,
  "min_lon": -97.63402401755566,
  "max_lon": -96.89813983683403,
  "num_lat": 18,
  "num_lon": 24
}