{
  "level": 38,
  "u_min": 15.989397048950195,
  "u_max": 24.551897048950195,
  "v_min": 10.112241744995117,
  "v_max": 15.862241744995117,
  "w_min": -0.3082325209394589,
  "w_max": 0.2855190742565515,
  "gh_min": 15550.232421875,
  "gh_max": 15567.451171875,
  "min_lat": 32.75857870108183,
  "max_lat": 33.216796134747426,
  "min_lon": -97.63402401755566,
  "max_lon": -96.89813983683403,
  "num_lat": 18,
  "num_lon": 24
}