{
  "level": 50,
  "u_min": -1.9702339172363281,
  "u_max": 1.3422660827636719,
  "v_min": -0.03846931457519531,
  "v_max": 4.336530685424805,
  "w_min": -0.15833633048796636,
  "w_max": 0.20126524441143068,
  "gh_min": 27484.6171875,
  "gh_max": 27553.5859375,
  "min_lat": 32.75857870108183,
  "max_lat": 33.216796134747426,
  "min_lon": -97.63402401755566,
  "max_lon": -96.89813983683403,
  "num_lat": 18,
  "num_lon": 24
}