{
  "level": 34,
  "u_min": 38.58389759063721,
  "u_max": 42.20889759063721,
  "v_min": 23.227508544921875,
  "v_max": 28.665008544921875,
  "w_min": -0.4384307670259871,
  "w_max": 0.25552581003254676,
  "gh_min": 12996.296875,
  "gh_max": 13036.328125,
  "min_lat": 32.75857870108183,
  "max_lat": 33.216796134747426,
  "min_lon": -97.63402401755566,
  "max_lon": -96.89813983683403,
  "num_lat": 18,
  "num_lon": 24
}