{
  "level": 6,
  "u_min": 12.353195190429688,
  "u_max": 19.228195190429688,
  "v_min": 8.932865142822266,
  "v_max": 12.932865142822266,
  "w_min": -0.2885751878399452,
  "w_max": 0.26072287850145437,
  "gh_min": 573.7012939453125,
  "gh_max": 757.3575439453125,
  "min_lat": 32.75857870108183,
  "max_lat": 33.216796134747426,
  "min_lon": -97.63402401755566,
  "max_lon": -96.89813983683403,
  "num_lat": 18,
  "num_lon": 24
}