{
  "level": 40,
  "u_min": -2.2943344116210938,
  "u_max": 4.143165588378906,
  "v_min": 1.5101680755615234,
  "v_max": 8.635168075561523,
  "w_min": -0.7989035557034054,
  "w_max": 0.8838506456785389,
  "gh_min": 17323.96484375,
  "gh_max": 17398.05859375,
  "min_lat": 32.75857870108183,
  "max_lat": 33.216796134747426,
  "min_lon": -97.63402401755566,
  "max_lon": -96.89813983683403,
  "num_lat": 18,
  "num_lon": 24
}