{
  "level": 8,
  "u_min": 17.60422134399414,
  "u_max": 25.54172134399414,
  "v_min": 9.668266296386719,
  "v_max": 13.043266296386719,
  "w_min": -0.3413808015875516,
  "w_max": 0.3300846251743055,
  "gh_min": 968.2933959960938,
  "gh_max": 1145.4808959960938,
  "min_lat": 32.75857870108183,
  "max_lat": 33.216796134747426,
  "min_lon": -97.63402401755566,
  "max_lon": -96.89813983683403,
  "num_lat": 18,
  "num_lon": 24
}