{
  "level": 42,
  "u_min": -4.273021697998047,
  "u_max": 1.7894783020019531,
  "v_min": 1.4978046417236328,
  "v_max": 8.435304641723633,
  "w_min": -0.8400581296932972,
  "w_max": 0.5573936104225656,
  "gh_min": 18849.02734375,
  "gh_max": 18920.43359375,
  "min_lat": 32.75857870108183,
  "max_lat": 33.216796134747426,
  "min_lon": -97.63402401755566,
  "max_lon": -96.89813983683403,
  "num_lat": 18,
  "num_lon": 24
}