{
  "level": 12,
  "u_min": 23.774961471557617,
  "u_max": 27.087461471557617,
  "v_min": 14.331207275390625,
  "v_max": 18.768707275390625,
  "w_min": -0.30599247978027666,
  "w_max": 0.3910197924441597,
  "gh_min": 2110.30810546875,
  "gh_max": 2265.93310546875,
  "min_lat": 32.75857870108183,
  "max_lat": 33.216796134747426,
  "min_lon": -97.63402401755566,
  "max_lon": -96.89813983683403,
  "num_lat": 18,
  "num_lon": 24
}