{
  "level": 11,
  "u_min": 21.325605392456055,
  "u_max": 27.013105392456055,
  "v_min": 14.519828796386719,
  "v_max": 17.83232879638672,
  "w_min": -0.3518261585131271,
  "w_max": 0.4140633771519076,
  "gh_min": 1769.53466796875,
  "gh_max": 1932.03466796875,
  "min_lat": 32.75857870108183,
  "max_lat": 33.216796134747426,
  "min_lon": -97.63402401755566,
  "max_lon": -96.89813983683403,
  "num_lat": 18,
  "num_lon": 24
}