{
  "level": 20,
  "u_min": 45.033477783203125,
  "u_max": 50.158477783203125,
  "v_min": 30.92266082763672,
  "v_max": 36.23516082763672,
  "w_min": -0.24739052314601026,
  "w_max": 0.3083914309246882,
  "gh_min": 6384.439453125,
  "gh_max": 6443.033203125,
  "min_lat": 32.75857870108183,
  "max_lat": 33.216796134747426,
  "min_lon": -97.63402401755566,
  "max_lon": -96.89813983683403,
  "num_lat": 18,
  "num_lon": 24
}