{
  "level": 43,
  "u_min": -5.705404281616211,
  "u_max": 1.044595718383789,
  "v_min": -0.8865385055541992,
  "v_max": 4.988461494445801,
  "w_min": -0.957908551599464,
  "w_max": 0.44014312931517874,
  "gh_min": 19614.67578125,
  "gh_max": 19683.58203125,
  "min_lat": 32.75857870108183,
  "max_lat": 33.216796134747426,
  "min_lon": -97.63402401755566,
  "max_lon": -96.89813983683403,
  "num_lat": 18,
  "num_lon": 24
}