{
  "level": 43,
  "u_min": 1.4117956161499023,
  "u_max": 6.474295616149902,
  "v_min": 5.382713317871094,
  "v_max": 8.695213317871094,
  "w_min": -0.14292090444888328,
  "w_max": 0.23972676708163565,
  "gh_min": 19461.27734375,
  "gh_max": 19479.15234375,
  "min_lat": 32.75857870108183,
  "max_lat": 33.216796134747426,
  "min_lon": -97.63402401755566,
  "max_lon": -96.89813983683403,
  "num_lat": 18,
  "num_lon": 24
}