{
  "level": 44,
  "u_min": -0.6040420532226562,
  "u_max": 3.3959579467773438,
  "v_min": 3.1344375610351562,
  "v_max": 8.571937561035156,
  "w_min": -0.15993448064133503,
  "w_max": 0.2441830226381949,
  "gh_min": 20263.30859375,
  "gh_max": 20277.30859375,
  "min_lat": 32.75857870108183,
  "max_lat": 33.216796134747426,
  "min_lon": -97.63402401755566,
  "max_lon": -96.89813983683403,
  "num_lat": 18,
  "num_lon": 24
}