{
  "level": 30,
  "u_min": 47.75826835632324,
  "u_max": 49.57076835632324,
  "v_min": 32.39728546142578,
  "v_max": 37.14728546142578,
  "w_min": -0.45441819235509057,
  "w_max": 0.18130842349739615,
  "gh_min": 11126.7109375,
  "gh_max": 11183.7421875,
  "min_lat": 32.75857870108183,
  "max_lat": 33.216796134747426,
  "min_lon": -97.63402401755566,
  "max_lon": -96.89813983683403,
  "num_lat": 18,
  "num_lon": 24
}