{
  "level": 24,
  "u_min": 49.11961364746094,
  "u_max": 52.36961364746094,
  "v_min": 38.358123779296875,
  "v_max": 44.045623779296875,
  "w_min": -0.3514666150309185,
  "w_max": 0.23595055454432776,
  "gh_min": 8519.4697265625,
  "gh_max": 8578.0322265625,
  "min_lat": 32.75857870108183,
  "max_lat": 33.216796134747426,
  "min_lon": -97.63402401755566,
  "max_lon": -96.89813983683403,
  "num_lat": 18,
  "num_lon": 24
}