{
  "level": 33,
  "u_min": 39.38685607910156,
  "u_max": 43.26185607910156,
  "v_min": 27.451210021972656,
  "v_max": 31.388710021972656,
  "w_min": -0.5128608334115436,
  "w_max": 0.23414814208902274,
  "gh_min": 12480.4267578125,
  "gh_max": 12526.3955078125,
  "min_lat": 32.75857870108183,
  "max_lat": 33.216796134747426,
  "min_lon": -97.63402401755566,
  "max_lon": -96.89813983683403,
  "num_lat": 18,
  "num_lon": 24
}