{
  "level": 30,
  "u_min": -1.4226722717285156,
  "u_max": 28.639827728271484,
  "v_min": 1.5625419616699219,
  "v_max": 29.500041961669922,
  "w_min": -5.485880611751687,
  "w_max": 11.902697624640949,
  "gh_min": 11457.4365234375,
  "gh_max": 11531.5615234375,
  "min_lat": 32.75857870108183,
  "max_lat": 33.216796134747426,
  "min_lon": -97.63402401755566,
  "max_lon": -96.89813983683403,
  "num_lat": 18,
  "num_lon": 24
}