{
  "level": 9,
  "u_min": 21.761096954345703,
  "u_max": 27.386096954345703,
  "v_min": 10.347724914550781,
  "v_max": 13.722724914550781,
  "w_min": -0.3664067862491914,
  "w_max": 0.3791500772437553,
  "gh_min": 1202.318359375,
  "gh_max": 1375.537109375,
  "min_lat": 32.75857870108183,
  "max_lat": 33.216796134747426,
  "min_lon": -97.63402401755566,
  "max_lon": -96.89813983683403,
  "num_lat": 18,
  "num_lon": 24
}