{
  "level": 25,
  "u_min": 6.823982238769531,
  "u_max": 30.19898223876953,
  "v_min": 4.7230377197265625,
  "v_max": 32.91053771972656,
  "w_min": -4.445918761700687,
  "w_max": 13.868519598450467,
  "gh_min": 9312.107421875,
  "gh_max": 9372.044921875,
  "min_lat": 32.75857870108183,
  "max_lat": 33.216796134747426,
  "min_lon": -97.63402401755566,
  "max_lon": -96.89813983683403,
  "num_lat": 18,
  "num_lon": 24
}