{
  "level": 23,
  "u_min": 50.756534576416016,
  "u_max": 53.631534576416016,
  "v_min": 38.866493225097656,
  "v_max": 43.241493225097656,
  "w_min": -0.3262869620570689,
  "w_max": 0.2488655507990554,
  "gh_min": 8020.68408203125,
  "gh_max": 8073.62158203125,
  "min_lat": 32.75857870108183,
  "max_lat": 33.216796134747426,
  "min_lon": -97.63402401755566,
  "max_lon": -96.89813983683403,
  "num_lat": 18,
  "num_lon": 24
}