{
  "level": 45,
  "u_min": -8.849321365356445,
  "u_max": -1.7868213653564453,
  "v_min": -1.502720832824707,
  "v_max": 5.684779167175293,
  "w_min": -1.1878897654724165,
  "w_max": 0.7666952000184347,
  "gh_min": 21307.3046875,
  "gh_max": 21383.4296875,
  "min_lat": 32.75857870108183,
  "max_lat": 33.216796134747426,
  "min_lon": -97.63402401755566,
  "max_lon": -96.89813983683403,
  "num_lat": 18,
  "num_lon": 24
}