{
  "level": 21,
  "u_min": 3.3159332275390625,
  "u_max": 28.690933227539062,
  "v_min": 8.318992614746094,
  "v_max": 36.256492614746094,
  "w_min": -3.78795914730346,
  "w_max": 12.533877243362976,
  "gh_min": 7203.5732421875,
  "gh_max": 7264.5419921875,
  "min_lat": 32.75857870108183,
  "max_lat": 33.216796134747426,
  "min_lon": -97.63402401755566,
  "max_lon": -96.89813983683403,
  "num_lat": 18,
  "num_lon": 24
}