{
  "level": 31,
  "u_min": 45.837571144104004,
  "u_max": 48.212571144104004,
  "v_min": 31.27178955078125,
  "v_max": 35.45928955078125,
  "w_min": -0.5021512923951675,
  "w_max": 0.19231974820544126,
  "gh_min": 11549.857421875,
  "gh_max": 11603.576171875,
  "min_lat": 32.75857870108183,
  "max_lat": 33.216796134747426,
  "min_lon": -97.63402401755566,
  "max_lon": -96.89813983683403,
  "num_lat": 18,
  "num_lon": 24
}