{
  "level": 23,
  "u_min": 6.258434295654297,
  "u_max": 30.133434295654297,
  "v_min": 6.8802947998046875,
  "v_max": 35.44279479980469,
  "w_min": -4.672216489655287,
  "w_max": 13.4026012386104,
  "gh_min": 8311.1484375,
  "gh_max": 8364.4609375,
  "min_lat": 32.75857870108183,
  "max_lat": 33.216796134747426,
  "min_lon": -97.63402401755566,
  "max_lon": -96.89813983683403,
  "num_lat": 18,
  "num_lon": 24
}