{
  "level": 35,
  "u_min": 38.23093605041504,
  "u_max": 41.66843605041504,
  "v_min": 18.05345916748047,
  "v_max": 23.67845916748047,
  "w_min": -0.3721862328170844,
  "w_max": 0.2856669066556247,
  "gh_min": 13551.55859375,
  "gh_max": 13585.43359375,
  "min_lat": 32.75857870108183,
  "max_lat": 33.216796134747426,
  "min_lon": -97.63402401755566,
  "max_lon": -96.89813983683403,
  "num_lat": 18,
  "num_lon": 24
}