{
  "level": 49,
  "u_min": -4.786130905151367,
  "u_max": 2.213869094848633,
  "v_min": 0.6642780303955078,
  "v_max": 6.789278030395508,
  "w_min": -0.5818434100000794,
  "w_max": 0.43633126611737544,
  "gh_min": 25845.455078125,
  "gh_max": 25927.017578125,
  "min_lat": 32.75857870108183,
  "max_lat": 33.216796134747426,
  "min_lon": -97.63402401755566,
  "max_lon": -96.89813983683403,
  "num_lat": 18,
  "num_lon": 24
}