{
  "group": "low",
  "level_index": 1,
  "altitude": 190.0,
  "u_min": -7.958769798278809,
  "u_max": 5.915588855743408,
  "v_min": -6.620382785797119,
  "v_max": 6.483097553253174,
  "w_min": -2.8016159534454346,
  "w_max": 3.8318159580230713,
  "alt_min": 180.0,
  "alt_max": 320.0,
  "min_lat": 33.01599884033203,
  "max_lat": 33.03678894042969,
  "min_lon": -97.28399658203125,
  "max_lon": -97.2613525390625,
  "num_lat": 231,
  "num_lon": 211,
  "debug_scale": 1,
  "min_x_from_origin": -1074.5179443359375,
  "max_x_from_origin": 1041.62646484375,
  "min_y_from_origin": -1164.500732421875,
  "max_y_from_origin": 1141.0877685546875,
  "lat_origin": null,
  "lon_origin": null
}