{
  "group": "low",
  "level_index": 2,
  "altitude": 200.0,
  "u_min": -9.21916389465332,
  "u_max": 5.176107406616211,
  "v_min": -6.49122428894043,
  "v_max": 5.943670272827148,
  "w_min": -2.761786699295044,
  "w_max": 6.307908058166504,
  "alt_min": 180.0,
  "alt_max": 320.0,
  "min_lat": 33.01599884033203,
  "max_lat": 33.03678894042969,
  "min_lon": -97.28399658203125,
  "max_lon": -97.2613525390625,
  "num_lat": 231,
  "num_lon": 211,
  "debug_scale": 1,
  "min_x_from_origin": -1074.5179443359375,
  "max_x_from_origin": 1041.62646484375,
  "min_y_from_origin": -1164.500732421875,
  "max_y_from_origin": 1141.0877685546875,
  "lat_origin": null,
  "lon_origin": null
}