{
  "group": "low",
  "level_index": 3,
  "altitude": 210.0,
  "u_min": -7.740539073944092,
  "u_max": 5.284536838531494,
  "v_min": -7.5424299240112305,
  "v_max": 4.082385063171387,
  "w_min": -3.2190794944763184,
  "w_max": 6.067592620849609,
  "alt_min": 180.0,
  "alt_max": 320.0,
  "min_lat": 33.01599884033203,
  "max_lat": 33.03678894042969,
  "min_lon": -97.28399658203125,
  "max_lon": -97.2613525390625,
  "num_lat": 231,
  "num_lon": 211,
  "debug_scale": 1,
  "min_x_from_origin": -1074.5179443359375,
  "max_x_from_origin": 1041.62646484375,
  "min_y_from_origin": -1164.500732421875,
  "max_y_from_origin": 1141.0877685546875,
  "lat_origin": null,
  "lon_origin": null
}