{
  "group": "low",
  "level_index": 7,
  "altitude": 250.0,
  "u_min": -9.678496360778809,
  "u_max": 2.542046546936035,
  "v_min": -6.8874311447143555,
  "v_max": 1.757068395614624,
  "w_min": -1.700990080833435,
  "w_max": 4.72471284866333,
  "alt_min": 180.0,
  "alt_max": 320.0,
  "min_lat": 33.01599884033203,
  "max_lat": 33.03678894042969,
  "min_lon": -97.28399658203125,
  "max_lon": -97.2613525390625,
  "num_lat": 231,
  "num_lon": 211,
  "debug_scale": 1,
  "min_x_from_origin": -1074.5179443359375,
  "max_x_from_origin": 1041.62646484375,
  "min_y_from_origin": -1164.500732421875,
  "max_y_from_origin": 1141.0877685546875,
  "lat_origin": null,
  "lon_origin": null
}