{
  "group": "mid",
  "level_index": 1,
  "altitude": 420.0,
  "u_min": 0.22646808624267578,
  "u_max": 1.6260576248168945,
  "v_min": -0.3937382698059082,
  "v_max": 0.7503886222839355,
  "w_min": -0.26426756381988525,
  "w_max": 0.31023019552230835,
  "alt_min": 370.0,
  "alt_max": 470.0,
  "min_lat": 33.01599884033203,
  "max_lat": 33.03678894042969,
  "min_lon": -97.28399658203125,
  "max_lon": -97.2613525390625,
  "num_lat": 47,
  "num_lon": 43,
  "debug_scale": 1,
  "min_x_from_origin": -1074.5179443359375,
  "max_x_from_origin": 1041.62646484375,
  "min_y_from_origin": -1164.500732421875,
  "max_y_from_origin": 1141.0877685546875,
  "lat_origin": null,
  "lon_origin": null
}