{
  "group": "mid",
  "level_index": 2,
  "altitude": 470.0,
  "u_min": -1.2825431823730469,
  "u_max": -0.3740692138671875,
  "v_min": -0.859555721282959,
  "v_max": 0.13570308685302734,
  "w_min": -0.2641031742095947,
  "w_max": 0.23751160502433777,
  "alt_min": 370.0,
  "alt_max": 470.0,
  "min_lat": 33.01599884033203,
  "max_lat": 33.03678894042969,
  "min_lon": -97.28399658203125,
  "max_lon": -97.2613525390625,
  "num_lat": 47,
  "num_lon": 43,
  "debug_scale": 1,
  "min_x_from_origin": -1074.5179443359375,
  "max_x_from_origin": 1041.62646484375,
  "min_y_from_origin": -1164.500732421875,
  "max_y_from_origin": 1141.0877685546875,
  "lat_origin": null,
  "lon_origin": null
}