{
  "group": "high",
  "level_index": 3,
  "altitude": 870.0,
  "u_min": 24.31334114074707,
  "u_max": 24.72165298461914,
  "v_min": 6.511219501495361,
  "v_max": 6.763651371002197,
  "w_min": -1.9934419981382234e-07,
  "w_max": -1.829605480452301e-07,
  "alt_min": 570.0,
  "alt_max": 870.0,
  "min_lat": 33.01599884033203,
  "max_lat": 33.03678894042969,
  "min_lon": -97.28399658203125,
  "max_lon": -97.2613525390625,
  "num_lat": 24,
  "num_lon": 22,
  "debug_scale": 1,
  "min_x_from_origin": -1074.5179443359375,
  "max_x_from_origin": 1041.62646484375,
  "min_y_from_origin": -1164.500732421875,
  "max_y_from_origin": 1141.0877685546875,
  "lat_origin": null,
  "lon_origin": null
}