{
  "group": "high",
  "level_index": 0,
  "altitude": 570.0,
  "u_min": 19.8433895111084,
  "u_max": 20.673952102661133,
  "v_min": 7.84882926940918,
  "v_max": 8.388519287109375,
  "w_min": -1.2561880794237368e-05,
  "w_max": -1.0498622941668145e-05,
  "alt_min": 570.0,
  "alt_max": 870.0,
  "min_lat": 33.01599884033203,
  "max_lat": 33.03678894042969,
  "min_lon": -97.28399658203125,
  "max_lon": -97.2613525390625,
  "num_lat": 24,
  "num_lon": 22,
  "debug_scale": 1,
  "min_x_from_origin": -1074.5179443359375,
  "max_x_from_origin": 1041.62646484375,
  "min_y_from_origin": -1164.500732421875,
  "max_y_from_origin": 1141.0877685546875,
  "lat_origin": null,
  "lon_origin": null
}