{
  "group": "high",
  "level_index": 2,
  "altitude": 770.0,
  "u_min": 23.529953002929688,
  "u_max": 24.020309448242188,
  "v_min": 6.827730178833008,
  "v_max": 7.139960765838623,
  "w_min": 4.944542411067232e-07,
  "w_max": 6.375618113452219e-07,
  "alt_min": 570.0,
  "alt_max": 870.0,
  "min_lat": 33.01599884033203,
  "max_lat": 33.03678894042969,
  "min_lon": -97.28399658203125,
  "max_lon": -97.2613525390625,
  "num_lat": 24,
  "num_lon": 22,
  "debug_scale": 1,
  "min_x_from_origin": -1074.5179443359375,
  "max_x_from_origin": 1041.62646484375,
  "min_y_from_origin": -1164.500732421875,
  "max_y_from_origin": 1141.0877685546875,
  "lat_origin": null,
  "lon_origin": null
}