{
  "group": "low",
  "level_index": 10,
  "altitude": 280.0,
  "u_min": 8.95016098022461,
  "u_max": 9.720541000366211,
  "v_min": 4.4973649978637695,
  "v_max": 4.996691703796387,
  "w_min": -0.004074661061167717,
  "w_max": 0.00273740547709167,
  "alt_min": 180.0,
  "alt_max": 320.0,
  "min_lat": 33.01599884033203,
  "max_lat": 33.03678894042969,
  "min_lon": -97.28399658203125,
  "max_lon": -97.2613525390625,
  "num_lat": 231,
  "num_lon": 211,
  "debug_scale": 1,
  "min_x_from_origin": -1074.5179443359375,
  "max_x_from_origin": 1041.62646484375,
  "min_y_from_origin": -1164.500732421875,
  "max_y_from_origin": 1141.0877685546875,
  "lat_origin": null,
  "lon_origin": null
}