{
  "group": "low",
  "level_index": 4,
  "altitude": 220.0,
  "u_min": 6.041034698486328,
  "u_max": 7.076148986816406,
  "v_min": 3.083078384399414,
  "v_max": 3.296173334121704,
  "w_min": -0.31961846351623535,
  "w_max": -0.08164075016975403,
  "alt_min": 180.0,
  "alt_max": 320.0,
  "min_lat": 33.01599884033203,
  "max_lat": 33.03678894042969,
  "min_lon": -97.28399658203125,
  "max_lon": -97.2613525390625,
  "num_lat": 231,
  "num_lon": 211,
  "debug_scale": 1,
  "min_x_from_origin": -1074.5179443359375,
  "max_x_from_origin": 1041.62646484375,
  "min_y_from_origin": -1164.500732421875,
  "max_y_from_origin": 1141.0877685546875,
  "lat_origin": null,
  "lon_origin": null
}