{
  "group": "low",
  "level_index": 14,
  "altitude": 320.0,
  "u_min": 10.76675033569336,
  "u_max": 11.638272285461426,
  "v_min": 5.478894233703613,
  "v_max": 6.20906400680542,
  "w_min": -0.0022318914998322725,
  "w_max": -0.001636849483475089,
  "alt_min": 180.0,
  "alt_max": 320.0,
  "min_lat": 33.01599884033203,
  "max_lat": 33.03678894042969,
  "min_lon": -97.28399658203125,
  "max_lon": -97.2613525390625,
  "num_lat": 231,
  "num_lon": 211,
  "debug_scale": 1,
  "min_x_from_origin": -1074.5179443359375,
  "max_x_from_origin": 1041.62646484375,
  "min_y_from_origin": -1164.500732421875,
  "max_y_from_origin": 1141.0877685546875,
  "lat_origin": null,
  "lon_origin": null
}