{
  "group": "low",
  "level_index": 12,
  "altitude": 300.0,
  "u_min": 9.790239334106445,
  "u_max": 10.661761283874512,
  "v_min": 4.9688544273376465,
  "v_max": 5.603664398193359,
  "w_min": -0.003330271691083908,
  "w_max": -0.002689710585400462,
  "alt_min": 180.0,
  "alt_max": 320.0,
  "min_lat": 33.01599884033203,
  "max_lat": 33.03678894042969,
  "min_lon": -97.28399658203125,
  "max_lon": -97.2613525390625,
  "num_lat": 231,
  "num_lon": 211,
  "debug_scale": 1,
  "min_x_from_origin": -1074.5179443359375,
  "max_x_from_origin": 1041.62646484375,
  "min_y_from_origin": -1164.500732421875,
  "max_y_from_origin": 1141.0877685546875,
  "lat_origin": null,
  "lon_origin": null
}