{
  "group": "low",
  "level_index": 0,
  "altitude": 180.0,
  "u_min": 0.1309262067079544,
  "u_max": 1.465182900428772,
  "v_min": 0.05720320716500282,
  "v_max": 0.664340078830719,
  "w_min": -0.17241314053535461,
  "w_max": -0.014138098806142807,
  "alt_min": 180.0,
  "alt_max": 320.0,
  "min_lat": 33.01599884033203,
  "max_lat": 33.03678894042969,
  "min_lon": -97.28399658203125,
  "max_lon": -97.2613525390625,
  "num_lat": 231,
  "num_lon": 211,
  "debug_scale": 1,
  "min_x_from_origin": -1074.5179443359375,
  "max_x_from_origin": 1041.62646484375,
  "min_y_from_origin": -1164.500732421875,
  "max_y_from_origin": 1141.0877685546875,
  "lat_origin": null,
  "lon_origin": null
}