{
  "group": "low",
  "level_index": 7,
  "altitude": 250.0,
  "u_min": 8.044950485229492,
  "u_max": 8.746877670288086,
  "v_min": 3.9517009258270264,
  "v_max": 4.423417091369629,
  "w_min": 0.02219659835100174,
  "w_max": 0.03393329307436943,
  "alt_min": 180.0,
  "alt_max": 320.0,
  "min_lat": 33.01599884033203,
  "max_lat": 33.03678894042969,
  "min_lon": -97.28399658203125,
  "max_lon": -97.2613525390625,
  "num_lat": 231,
  "num_lon": 211,
  "debug_scale": 1,
  "min_x_from_origin": -1074.5179443359375,
  "max_x_from_origin": 1041.62646484375,
  "min_y_from_origin": -1164.500732421875,
  "max_y_from_origin": 1141.0877685546875,
  "lat_origin": null,
  "lon_origin": null
}