{
  "group": "low",
  "level_index": 2,
  "altitude": 200.0,
  "u_min": 3.465606927871704,
  "u_max": 4.974114418029785,
  "v_min": 1.6608076095581055,
  "v_max": 2.23711895942688,
  "w_min": -0.5457845330238342,
  "w_max": -0.38203033804893494,
  "alt_min": 180.0,
  "alt_max": 320.0,
  "min_lat": 33.01599884033203,
  "max_lat": 33.03678894042969,
  "min_lon": -97.28399658203125,
  "max_lon": -97.2613525390625,
  "num_lat": 231,
  "num_lon": 211,
  "debug_scale": 1,
  "min_x_from_origin": -1074.5179443359375,
  "max_x_from_origin": 1041.62646484375,
  "min_y_from_origin": -1164.500732421875,
  "max_y_from_origin": 1141.0877685546875,
  "lat_origin": null,
  "lon_origin": null
}