{
  "group": "high",
  "level_index": 2,
  "altitude": 7036.05911854814,
  "u_min": 3.556812560437165,
  "u_max": 4.892931144317675,
  "v_min": 43.20229367748274,
  "v_max": 43.319040435449985,
  "w_min": 0.19547852496440077,
  "w_max": 0.21664702024169968,
  "alt_min": 5925.289578780377,
  "alt_max": 7560.933660114172,
  "min_lat": 33.016,
  "max_lat": 33.03679,
  "min_lon": -97.284,
  "max_lon": -97.26135,
  "num_lat": 24,
  "num_lon": 22,
  "debug_scale": 1,
  "min_x_from_origin": -1074.518,
  "max_x_from_origin": 1041.6259999999997,
  "min_y_from_origin": -1164.5010000000002,
  "max_y_from_origin": 1141.0880000000002,
  "lat_origin": 33.0265,
  "lon_origin": -97.2725
}