{
  "group": "high",
  "level_index": 1,
  "altitude": 6491.379025558908,
  "u_min": -0.4990247577219528,
  "u_max": 0.7997532865829853,
  "v_min": 42.016487071422844,
  "v_max": 43.219420743525816,
  "w_min": 0.2990807162260914,
  "w_max": 0.3254643626090618,
  "alt_min": 5925.289578780377,
  "alt_max": 7560.933660114172,
  "min_lat": 33.016,
  "max_lat": 33.03679,
  "min_lon": -97.284,
  "max_lon": -97.26135,
  "num_lat": 24,
  "num_lon": 22,
  "debug_scale": 1,
  "min_x_from_origin": -1074.518,
  "max_x_from_origin": 1041.6259999999997,
  "min_y_from_origin": -1164.5010000000002,
  "max_y_from_origin": 1141.0880000000002,
  "lat_origin": 33.0265,
  "lon_origin": -97.2725
}