{
  "group": "high",
  "level_index": 1,
  "altitude": 670.0,
  "u_min": 22.164123444855438,
  "u_max": 22.756092536544184,
  "v_min": 7.46185262792249,
  "v_max": 7.885726100096907,
  "w_min": -0.144350815186376,
  "w_max": 0.11697285775280464,
  "alt_min": 570.0,
  "alt_max": 870.0,
  "min_lat": 33.01599884042969,
  "max_lat": 33.03678894042969,
  "min_lon": -97.28399658203125,
  "max_lon": -97.2613525390625,
  "num_lat": 24,
  "num_lon": 22,
  "debug_scale": 1,
  "min_x_from_origin": -1074.5179,
  "max_x_from_origin": 1041.6265,
  "min_y_from_origin": -1164.5007,
  "max_y_from_origin": 1141.0877999999998,
  "lat_origin": 33.0265,
  "lon_origin": -97.2725
}