{
  "group": "low",
  "level_index": 0,
  "altitude": 180.0,
  "u_min": -2.2839300632476807,
  "u_max": 6.464990139007568,
  "v_min": -1.505579948425293,
  "v_max": 5.027219772338867,
  "w_min": -1.3911099433898926,
  "w_max": 1.413699984550476,
  "alt_min": 180.0,
  "alt_max": 320.0,
  "min_lat": 33.01599884033203,
  "max_lat": 33.03678894042969,
  "min_lon": -97.28399658203125,
  "max_lon": -97.2613525390625,
  "num_lat": 231,
  "num_lon": 211
}