{
  "group": "low",
  "level_index": 3,
  "altitude": 210.0,
  "u_min": -2.139709949493408,
  "u_max": 10.978400230407715,
  "v_min": -4.933539867401123,
  "v_max": 6.713640213012695,
  "w_min": -3.640470027923584,
  "w_max": 5.642759799957275,
  "alt_min": 180.0,
  "alt_max": 320.0,
  "min_lat": 33.01599884033203,
  "max_lat": 33.03678894042969,
  "min_lon": -97.28399658203125,
  "max_lon": -97.2613525390625,
  "num_lat": 231,
  "num_lon": 211
}