{
  "group": "low",
  "level_index": 11,
  "altitude": 290.0,
  "u_min": 9.321060180664062,
  "u_max": 12.072699546813965,
  "v_min": 4.496860027313232,
  "v_max": 6.4155402183532715,
  "w_min": -0.7094380259513855,
  "w_max": 1.159309983253479,
  "alt_min": 180.0,
  "alt_max": 320.0,
  "min_lat": 33.01599884033203,
  "max_lat": 33.03678894042969,
  "min_lon": -97.28399658203125,
  "max_lon": -97.2613525390625,
  "num_lat": 231,
  "num_lon": 211
}