{
  "group": "low",
  "level_index": 4,
  "altitude": 220.0,
  "u_min": -1.5422999858856201,
  "u_max": 11.000800132751465,
  "v_min": -4.067279815673828,
  "v_max": 6.634099960327148,
  "w_min": -2.1379001140594482,
  "w_max": 2.734149932861328,
  "alt_min": 180.0,
  "alt_max": 320.0,
  "min_lat": 33.01599884033203,
  "max_lat": 33.03678894042969,
  "min_lon": -97.28399658203125,
  "max_lon": -97.2613525390625,
  "num_lat": 231,
  "num_lon": 211
}