{
  "group": "low",
  "level_index": 9,
  "altitude": 270.0,
  "u_min": 5.541609764099121,
  "u_max": 11.181599617004395,
  "v_min": 1.7950799465179443,
  "v_max": 5.8620100021362305,
  "w_min": -1.3952399492263794,
  "w_max": 1.9613399505615234,
  "alt_min": 180.0,
  "alt_max": 320.0,
  "min_lat": 33.01599884033203,
  "max_lat": 33.03678894042969,
  "min_lon": -97.28399658203125,
  "max_lon": -97.2613525390625,
  "num_lat": 231,
  "num_lon": 211
}