{
  "group": "low",
  "level_index": 7,
  "altitude": 250.0,
  "u_min": -1.019819974899292,
  "u_max": 10.924300193786621,
  "v_min": -2.512860059738159,
  "v_max": 5.7349700927734375,
  "w_min": -1.6713099479675293,
  "w_max": 4.753910064697266,
  "alt_min": 180.0,
  "alt_max": 320.0,
  "min_lat": 33.01599884033203,
  "max_lat": 33.03678894042969,
  "min_lon": -97.28399658203125,
  "max_lon": -97.2613525390625,
  "num_lat": 231,
  "num_lon": 211
}