{
  "group": "low",
  "level_index": 5,
  "altitude": 230.0,
  "u_min": -0.8195499777793884,
  "u_max": 10.565400123596191,
  "v_min": -3.921020030975342,
  "v_max": 6.833749771118164,
  "w_min": -1.6514300107955933,
  "w_max": 1.6771299839019775,
  "alt_min": 180.0,
  "alt_max": 320.0,
  "min_lat": 33.01599884033203,
  "max_lat": 33.03678894042969,
  "min_lon": -97.28399658203125,
  "max_lon": -97.2613525390625,
  "num_lat": 231,
  "num_lon": 211
}