{
  "group": "low",
  "level_index": 1,
  "altitude": 190.0,
  "u_min": -4.722020149230957,
  "u_max": 9.067060470581055,
  "v_min": -5.380030155181885,
  "v_max": 7.658740043640137,
  "w_min": -3.176300048828125,
  "w_max": 3.5675899982452393,
  "alt_min": 180.0,
  "alt_max": 320.0,
  "min_lat": 33.01599884033203,
  "max_lat": 33.03678894042969,
  "min_lon": -97.28399658203125,
  "max_lon": -97.2613525390625,
  "num_lat": 231,
  "num_lon": 211
}