{
  "group": "mid",
  "level_index": 0,
  "altitude": 4159.310876857317,
  "u_min": 20.971688587867817,
  "u_max": 22.05687873416197,
  "v_min": 33.56238007244375,
  "v_max": 34.55975229896024,
  "w_min": -0.3219525510908418,
  "w_max": -0.291035612008423,
  "alt_min": 4159.310876857317,
  "alt_max": 5336.333885100545,
  "min_lat": 33.016,
  "max_lat": 33.03679,
  "min_lon": -97.284,
  "max_lon": -97.26135,
  "num_lat": 47,
  "num_lon": 43,
  "debug_scale": 1,
  "min_x_from_origin": -1074.518,
  "max_x_from_origin": 1041.6259999999997,
  "min_y_from_origin": -1164.5010000000002,
  "max_y_from_origin": 1141.0880000000002,
  "lat_origin": 33.0265,
  "lon_origin": -97.2725
}