{
  "group": "mid",
  "level_index": 0,
  "altitude": 370.0,
  "u_min": 13.004964427745476,
  "u_max": 13.999983959409777,
  "v_min": 6.649444770702299,
  "v_max": 7.507183258054076,
  "w_min": -0.051915032228508594,
  "w_max": 0.04725294193760501,
  "alt_min": 370.0,
  "alt_max": 470.0,
  "min_lat": 33.01599884042969,
  "max_lat": 33.03678894042969,
  "min_lon": -97.28399658203125,
  "max_lon": -97.2613525390625,
  "num_lat": 47,
  "num_lon": 43,
  "debug_scale": 1,
  "min_x_from_origin": -1074.5179,
  "max_x_from_origin": 1041.6265,
  "min_y_from_origin": -1164.5007,
  "max_y_from_origin": 1141.0877999999998,
  "lat_origin": 33.0265,
  "lon_origin": -97.2725
}