{
  "group": "mid",
  "level_index": 2,
  "altitude": 470.0,
  "u_min": 16.84342156293329,
  "u_max": 17.71139905046753,
  "v_min": 8.0707896193683,
  "v_max": 8.697363367965652,
  "w_min": -0.07892216368516407,
  "w_max": 0.0796804859203553,
  "alt_min": 370.0,
  "alt_max": 470.0,
  "min_lat": 33.01599884042969,
  "max_lat": 33.03678894042969,
  "min_lon": -97.28399658203125,
  "max_lon": -97.2613525390625,
  "num_lat": 47,
  "num_lon": 43,
  "debug_scale": 1,
  "min_x_from_origin": -1074.5179,
  "max_x_from_origin": 1041.6265,
  "min_y_from_origin": -1164.5007,
  "max_y_from_origin": 1141.0877999999998,
  "lat_origin": 33.0265,
  "lon_origin": -97.2725
}