{
  "group": "mid",
  "level_index": 1,
  "altitude": 4736.6618406982,
  "u_min": 1.9987429427485994,
  "u_max": 4.53558283860212,
  "v_min": 36.51284906587378,
  "v_max": 38.38579872401551,
  "w_min": -0.09514576243360158,
  "w_max": -0.029995731202258027,
  "alt_min": 4159.310876857317,
  "alt_max": 5336.333885100545,
  "min_lat": 33.016,
  "max_lat": 33.03679,
  "min_lon": -97.284,
  "max_lon": -97.26135,
  "num_lat": 47,
  "num_lon": 43,
  "debug_scale": 1,
  "min_x_from_origin": -1074.518,
  "max_x_from_origin": 1041.6259999999997,
  "min_y_from_origin": -1164.5010000000002,
  "max_y_from_origin": 1141.0880000000002,
  "lat_origin": 33.0265,
  "lon_origin": -97.2725
}