{
  "group": "mid",
  "level_index": 2,
  "altitude": 5336.333885100545,
  "u_min": -4.01173971836196,
  "u_max": -3.6177417636945393,
  "v_min": 31.658380394213367,
  "v_max": 32.52784826931899,
  "w_min": 0.17637797936547517,
  "w_max": 0.28186173716554064,
  "alt_min": 4159.310876857317,
  "alt_max": 5336.333885100545,
  "min_lat": 33.016,
  "max_lat": 33.03679,
  "min_lon": -97.284,
  "max_lon": -97.26135,
  "num_lat": 47,
  "num_lon": 43,
  "debug_scale": 1,
  "min_x_from_origin": -1074.518,
  "max_x_from_origin": 1041.6259999999997,
  "min_y_from_origin": -1164.5010000000002,
  "max_y_from_origin": 1141.0880000000002,
  "lat_origin": 33.0265,
  "lon_origin": -97.2725
}