{
  "group": "low",
  "level_index": 10,
  "altitude": 2056.9595983603363,
  "u_min": 15.952067810457299,
  "u_max": 16.124564502780817,
  "v_min": 10.726281800450487,
  "v_max": 11.080320043562182,
  "w_min": -0.007871236282483585,
  "w_max": 0.03229422810809918,
  "alt_min": 486.8621626455917,
  "alt_max": 3634.323860887477,
  "min_lat": 33.016,
  "max_lat": 33.03679,
  "min_lon": -97.284,
  "max_lon": -97.26135,
  "num_lat": 231,
  "num_lon": 211,
  "debug_scale": 1,
  "min_x_from_origin": -1074.518,
  "max_x_from_origin": 1041.6259999999997,
  "min_y_from_origin": -1164.5010000000002,
  "max_y_from_origin": 1141.0880000000002,
  "lat_origin": 33.0265,
  "lon_origin": -97.2725
}