{
  "group": "low",
  "level_index": 8,
  "altitude": 260.0,
  "u_min": 8.463534637149836,
  "u_max": 9.08132707959501,
  "v_min": 4.097883291767201,
  "v_max": 4.584348932854826,
  "w_min": -0.03376265510732291,
  "w_max": 0.004239742349556172,
  "alt_min": 180.0,
  "alt_max": 320.0,
  "min_lat": 33.01599884042969,
  "max_lat": 33.03678894042969,
  "min_lon": -97.28399658203125,
  "max_lon": -97.2613525390625,
  "num_lat": 231,
  "num_lon": 211,
  "debug_scale": 1,
  "min_x_from_origin": -1074.5179,
  "max_x_from_origin": 1041.6265,
  "min_y_from_origin": -1164.5007,
  "max_y_from_origin": 1141.0877999999998,
  "lat_origin": 33.0265,
  "lon_origin": -97.2725
}