{
  "group": "low",
  "level_index": 7,
  "altitude": 1286.2833580238373,
  "u_min": 9.578772991879013,
  "u_max": 10.14714728579901,
  "v_min": 14.731169901594612,
  "v_max": 15.178370111334015,
  "w_min": 0.020803464571574146,
  "w_max": 0.052212374511068936,
  "alt_min": 486.8621626455917,
  "alt_max": 3634.323860887477,
  "min_lat": 33.016,
  "max_lat": 33.03679,
  "min_lon": -97.284,
  "max_lon": -97.26135,
  "num_lat": 231,
  "num_lon": 211,
  "debug_scale": 1,
  "min_x_from_origin": -1074.518,
  "max_x_from_origin": 1041.6259999999997,
  "min_y_from_origin": -1164.5010000000002,
  "max_y_from_origin": 1141.0880000000002,
  "lat_origin": 33.0265,
  "lon_origin": -97.2725
}