{
  "group": "low",
  "level_index": 11,
  "altitude": 2384.4257494574263,
  "u_min": 16.528179975872092,
  "u_max": 16.64826298590194,
  "v_min": 10.4175371837429,
  "v_max": 10.673020184722066,
  "w_min": -0.040759170306875904,
  "w_max": 0.0022170146539372635,
  "alt_min": 486.8621626455917,
  "alt_max": 3634.323860887477,
  "min_lat": 33.016,
  "max_lat": 33.03679,
  "min_lon": -97.284,
  "max_lon": -97.26135,
  "num_lat": 231,
  "num_lon": 211,
  "debug_scale": 1,
  "min_x_from_origin": -1074.518,
  "max_x_from_origin": 1041.6259999999997,
  "min_y_from_origin": -1164.5010000000002,
  "max_y_from_origin": 1141.0880000000002,
  "lat_origin": 33.0265,
  "lon_origin": -97.2725
}