{
  "group": "low",
  "level_index": 2,
  "altitude": 562.3033180253476,
  "u_min": -2.066714936161613,
  "u_max": -1.8914556037591304,
  "v_min": 12.188930457492392,
  "v_max": 12.370075359531278,
  "w_min": -0.02602030083354734,
  "w_max": 0.005936033296492393,
  "alt_min": 486.8621626455917,
  "alt_max": 3634.323860887477,
  "min_lat": 33.016,
  "max_lat": 33.03679,
  "min_lon": -97.284,
  "max_lon": -97.26135,
  "num_lat": 231,
  "num_lon": 211,
  "debug_scale": 1,
  "min_x_from_origin": -1074.518,
  "max_x_from_origin": 1041.6259999999997,
  "min_y_from_origin": -1164.5010000000002,
  "max_y_from_origin": 1141.0880000000002,
  "lat_origin": 33.0265,
  "lon_origin": -97.2725
}