{
  "group": "low",
  "level_index": 3,
  "altitude": 210.0,
  "u_min": 4.2490829013176095,
  "u_max": 5.822407819321532,
  "v_min": 1.7579377622199164,
  "v_max": 2.7895631995089825,
  "w_min": -0.022010139659430907,
  "w_max": -0.010122743217287147,
  "alt_min": 180.0,
  "alt_max": 320.0,
  "min_lat": 33.01599884042969,
  "max_lat": 33.03678894042969,
  "min_lon": -97.28399658203125,
  "max_lon": -97.2613525390625,
  "num_lat": 231,
  "num_lon": 211,
  "debug_scale": 1,
  "min_x_from_origin": -1074.5179,
  "max_x_from_origin": 1041.6265,
  "min_y_from_origin": -1164.5007,
  "max_y_from_origin": 1141.0877999999998,
  "lat_origin": 33.0265,
  "lon_origin": -97.2725
}