{
  "group": "low",
  "level_index": 3,
  "altitude": 641.2735363568204,
  "u_min": -1.7473402612835511,
  "u_max": -1.5012237168899318,
  "v_min": 14.536668515353105,
  "v_max": 14.725287841423611,
  "w_min": -0.029429146122062978,
  "w_max": 0.0017037910623289541,
  "alt_min": 486.8621626455917,
  "alt_max": 3634.323860887477,
  "min_lat": 33.016,
  "max_lat": 33.03679,
  "min_lon": -97.284,
  "max_lon": -97.26135,
  "num_lat": 231,
  "num_lon": 211,
  "debug_scale": 1,
  "min_x_from_origin": -1074.518,
  "max_x_from_origin": 1041.6259999999997,
  "min_y_from_origin": -1164.5010000000002,
  "max_y_from_origin": 1141.0880000000002,
  "lat_origin": 33.0265,
  "lon_origin": -97.2725
}