{
  "group": "low",
  "level_index": 5,
  "altitude": 905.3704733251143,
  "u_min": 3.066745915580399,
  "u_max": 3.7231233964723476,
  "v_min": 17.118741962144632,
  "v_max": 17.256885355332898,
  "w_min": -0.010981232955475687,
  "w_max": 0.02391725701357589,
  "alt_min": 486.8621626455917,
  "alt_max": 3634.323860887477,
  "min_lat": 33.016,
  "max_lat": 33.03679,
  "min_lon": -97.284,
  "max_lon": -97.26135,
  "num_lat": 231,
  "num_lon": 211,
  "debug_scale": 1,
  "min_x_from_origin": -1074.518,
  "max_x_from_origin": 1041.6259999999997,
  "min_y_from_origin": -1164.5010000000002,
  "max_y_from_origin": 1141.0880000000002,
  "lat_origin": 33.0265,
  "lon_origin": -97.2725
}