{
  "group": "low",
  "level_index": 6,
  "altitude": 1084.2152958905074,
  "u_min": 7.060834192326747,
  "u_max": 7.445325688130023,
  "v_min": 16.643601398852237,
  "v_max": 16.672980592949198,
  "w_min": 0.006756601881575116,
  "w_max": 0.041368209091912744,
  "alt_min": 486.8621626455917,
  "alt_max": 3634.323860887477,
  "min_lat": 33.016,
  "max_lat": 33.03679,
  "min_lon": -97.284,
  "max_lon": -97.26135,
  "num_lat": 231,
  "num_lon": 211,
  "debug_scale": 1,
  "min_x_from_origin": -1074.518,
  "max_x_from_origin": 1041.6259999999997,
  "min_y_from_origin": -1164.5010000000002,
  "max_y_from_origin": 1141.0880000000002,
  "lat_origin": 33.0265,
  "lon_origin": -97.2725
}