{
  "group": "low",
  "level_index": 4,
  "altitude": 756.0014807098099,
  "u_min": -0.9823664550805168,
  "u_max": -0.5063746330033916,
  "v_min": 15.829329444981244,
  "v_max": 15.99673429381436,
  "w_min": -0.025668364215172136,
  "w_max": 0.0040543171540576555,
  "alt_min": 486.8621626455917,
  "alt_max": 3634.323860887477,
  "min_lat": 33.016,
  "max_lat": 33.03679,
  "min_lon": -97.284,
  "max_lon": -97.26135,
  "num_lat": 231,
  "num_lon": 211,
  "debug_scale": 1,
  "min_x_from_origin": -1074.518,
  "max_x_from_origin": 1041.6259999999997,
  "min_y_from_origin": -1164.5010000000002,
  "max_y_from_origin": 1141.0880000000002,
  "lat_origin": 33.0265,
  "lon_origin": -97.2725
}