{
  "group": "low",
  "level_index": 1,
  "altitude": 514.3386308194573,
  "u_min": -1.9723953251954816,
  "u_max": -1.8247327599669685,
  "v_min": 10.716023855959094,
  "v_max": 10.87519621655251,
  "w_min": -0.022780553292999144,
  "w_max": 0.007039260003624745,
  "alt_min": 486.8621626455917,
  "alt_max": 3634.323860887477,
  "min_lat": 33.016,
  "max_lat": 33.03679,
  "min_lon": -97.284,
  "max_lon": -97.26135,
  "num_lat": 231,
  "num_lon": 211,
  "debug_scale": 1,
  "min_x_from_origin": -1074.518,
  "max_x_from_origin": 1041.6259999999997,
  "min_y_from_origin": -1164.5010000000002,
  "max_y_from_origin": 1141.0880000000002,
  "lat_origin": 33.0265,
  "lon_origin": -97.2725
}