{
  "group": "low",
  "level_index": 8,
  "altitude": 1511.8386144084607,
  "u_min": 11.411863615584352,
  "u_max": 11.853060012408113,
  "v_min": 13.499086715493913,
  "v_max": 13.953989618169953,
  "w_min": 0.02561409474165323,
  "w_max": 0.05497641178903935,
  "alt_min": 486.8621626455917,
  "alt_max": 3634.323860887477,
  "min_lat": 33.016,
  "max_lat": 33.03679,
  "min_lon": -97.284,
  "max_lon": -97.26135,
  "num_lat": 231,
  "num_lon": 211,
  "debug_scale": 1,
  "min_x_from_origin": -1074.518,
  "max_x_from_origin": 1041.6259999999997,
  "min_y_from_origin": -1164.5010000000002,
  "max_y_from_origin": 1141.0880000000002,
  "lat_origin": 33.0265,
  "lon_origin": -97.2725
}