{
  "group": "mid",
  "level_index": 0,
  "altitude": 370.0,
  "u_min": 13.10509967803955,
  "u_max": 14.107199668884277,
  "v_min": 6.694310188293457,
  "v_max": 7.427330017089844,
  "w_min": -0.3618299961090088,
  "w_max": 0.4889270067214966,
  "alt_min": 370.0,
  "alt_max": 470.0,
  "min_lat": 33.01599884033203,
  "max_lat": 33.03678894042969,
  "min_lon": -97.28399658203125,
  "max_lon": -97.2613525390625,
  "num_lat": 47,
  "num_lon": 43
}