{
  "group": "mid",
  "level_index": 2,
  "altitude": 470.0,
  "u_min": 16.233600616455078,
  "u_max": 17.134300231933594,
  "v_min": 7.799099922180176,
  "v_max": 8.291879653930664,
  "w_min": -0.26409900188446045,
  "w_max": 0.23752200603485107,
  "alt_min": 370.0,
  "alt_max": 470.0,
  "min_lat": 33.01599884033203,
  "max_lat": 33.03678894042969,
  "min_lon": -97.28399658203125,
  "max_lon": -97.2613525390625,
  "num_lat": 47,
  "num_lon": 43
}