{
  "group": "high",
  "level_index": 0,
  "altitude": 570.0,
  "u_min": 19.805299758911133,
  "u_max": 20.51300048828125,
  "v_min": 8.052570343017578,
  "v_max": 8.478079795837402,
  "w_min": -0.1601639986038208,
  "w_max": 0.11869499832391739,
  "alt_min": 570.0,
  "alt_max": 870.0,
  "min_lat": 33.01599884033203,
  "max_lat": 33.03678894042969,
  "min_lon": -97.28399658203125,
  "max_lon": -97.2613525390625,
  "num_lat": 24,
  "num_lon": 22
}