{
  "group": "high",
  "level_index": 2,
  "altitude": 770.0,
  "u_min": 22.617900848388672,
  "u_max": 23.37179946899414,
  "v_min": 7.407599925994873,
  "v_max": 7.790929794311523,
  "w_min": -0.07285790145397186,
  "w_max": 0.05424309894442558,
  "alt_min": 570.0,
  "alt_max": 870.0,
  "min_lat": 33.01599884033203,
  "max_lat": 33.03678894042969,
  "min_lon": -97.28399658203125,
  "max_lon": -97.2613525390625,
  "num_lat": 24,
  "num_lon": 22
}