{
  "group": "high",
  "level_index": 0,
  "altitude": 570.0,
  "u_min": -0.5386600494384766,
  "u_max": 0.1513042449951172,
  "v_min": -0.22501850128173828,
  "v_max": 0.5196633338928223,
  "w_min": -0.16015225648880005,
  "w_max": 0.11870710551738739,
  "alt_min": 570.0,
  "alt_max": 870.0,
  "min_lat": 33.01599884033203,
  "max_lat": 33.03678894042969,
  "min_lon": -97.28399658203125,
  "max_lon": -97.2613525390625,
  "num_lat": 24,
  "num_lon": 22,
  "debug_scale": 1,
  "min_x_from_origin": -1074.5179443359375,
  "max_x_from_origin": 1041.62646484375,
  "min_y_from_origin": -1164.500732421875,
  "max_y_from_origin": 1141.0877685546875,
  "lat_origin": null,
  "lon_origin": null
}