{
  "group": "high",
  "level_index": 1,
  "altitude": 670.0,
  "u_min": -1.0813961029052734,
  "u_max": 0.7055454254150391,
  "v_min": -0.29796648025512695,
  "v_max": 0.37219858169555664,
  "w_min": -0.07286017388105392,
  "w_max": 0.05424080416560173,
  "alt_min": 570.0,
  "alt_max": 870.0,
  "min_lat": 33.01599884033203,
  "max_lat": 33.03678894042969,
  "min_lon": -97.28399658203125,
  "max_lon": -97.2613525390625,
  "num_lat": 24,
  "num_lon": 22,
  "debug_scale": 1,
  "min_x_from_origin": -1074.5179443359375,
  "max_x_from_origin": 1041.62646484375,
  "min_y_from_origin": -1164.500732421875,
  "max_y_from_origin": 1141.0877685546875,
  "lat_origin": null,
  "lon_origin": null
}